{
  "users": [
    {
      "id": 1,
      "email": "prem@gmail.com",
      "password": 12345
    },
    {
      "id": 2,
      "email": "benisha12@gmail.com",
      "password": 45677
    },
    {
      "id": 3,
      "email": "dinesh@gmail.com",
      "password": "56432a"
    },
    {
      "id": 4,
      "email": "chetan@gmail.com",
      "password": "56324@123"
    },
    {
      "id": 5,
      "email": "aayusha@gmail.com",
      "password": 89564
    },
    {
      "email": "suraj.181544@ncit.edu.np",
      "password": "suraj",
      "id": 6
    },
    {
      "email": "melina.giri@es.cloudfactory.com",
      "password": "melina",
      "id": 6
    },
    {
      "email": "preeti.acharya@es.cloudfactory.com",
      "password": 1234587,
      "id": 6
    },
    {
      "email": "nabina.budha@es.cloudfactory.com",
      "password": "melina",
      "id": 6
    },
    {
      "name": "Suraj chaudhary",
      "email": "suraj.181544@ncit.edu.np",
      "address": "kathmandu",
      "phoneNumber": "9818096542",
      "password": "suraj",
      "confirmPassword": "suraj",
      "userType": "bmc",
      "gender": "male",
      "agreeTerms": true,
      "id": 7
    },
    {
      "name": "AdminGPON",
      "email": "dinesh@gmail.com",
      "address": "kathmandu",
      "phoneNumber": "9818096542",
      "password": "suraj",
      "confirmPassword": "suraj",
      "userType": "bmc",
      "gender": "male",
      "agreeTerms": true,
      "id": 8
    },
    {
      "name": "Suraj chaudhary",
      "email": "suraj.181544@ncit.edu.np",
      "address": "kathmandu",
      "phoneNumber": "9818096542",
      "password": "suraj",
      "confirmPassword": "suraj",
      "userType": "staff",
      "gender": "male",
      "agreeTerms": true,
      "id": 9
    },
    {
      "name": "preeti acharchya",
      "email": "preeti.acharya@es.cloudfactory.com",
      "address": "kathmandu",
      "phoneNumber": "9818096542",
      "password": "preeti",
      "confirmPassword": "preeti",
      "userType": "bmc",
      "gender": "female",
      "agreeTerms": true,
      "id": 10
    },
    {
      "name": "Suraj chaudhary",
      "email": "suraj.181544@ncit.edu.np",
      "address": "kathmandu",
      "dateOfBirth": "2023-07-21",
      "gender": "male",
      "phoneNumber": "9818096542",
      "profilePicture": {},
      "documentProof": {},
      "documentType": "citizenship",
      "id": 11
    },
    {
      "name": "dhiraj",
      "email": "chaudharysuraz999@gmail.com",
      "address": "kathmandu",
      "phoneNumber": "9818096542",
      "password": "suraj",
      "confirmPassword": "suraj",
      "userType": "bmc",
      "gender": "male",
      "agreeTerms": true,
      "id": 12
    },
    {
      "name": "Suraj chaudhary",
      "email": "chaudharysuraz999@gmail.com",
      "address": "kathmandu",
      "phoneNumber": "9818096542",
      "password": "suraj",
      "confirmPassword": "suraj",
      "userType": "bmc",
      "gender": "male",
      "agreeTerms": true,
      "id": 13
    }
  ],
  "bmc_details": [
    {
      "bmc_id": 1,
      "user_id": 2,
      "email": "benisha12@gmail.com",
      "name": "Benisha Hamal",
      "associated_bus": "Juneli",
      "phone_no": 9845687348,
      "address": "Kathmandu",
      "pp_photo": "./src/images/home.png",
      "citizenship_doc": "./src/images/logo.png",
      "bus_doc": "./src/images/logo.png"
    },
    {
      "bmc_id": 2,
      "user_id": 1,
      "email": "ram@gmail.com",
      "name": "ram sherpa",
      "associated_bus": "mahanagar",
      "phone_no": 9856326262,
      "address": "banepa",
      "pp_photo": "./src/images/home.png",
      "citizenship_doc": "./src/images/logo.png",
      "bus_doc": "./src/images/logo.png"
    },
    {
      "bmc_id": 3,
      "user_id": 3,
      "email": "hari@gmail.com",
      "name": "hari gurung",
      "associated_bus": "mahasagar",
      "phone_no": 9847636352,
      "address": "kaski",
      "pp_photo": "./src/images/home.png",
      "citizenship_doc": "./src/images/logo.png",
      "bus_doc": "./src/images/logo.png"
    }
  ],
  "bus_lists": [
    {
      "selectedFile": null,
      "selectedOption": "Yes",
      "busName": "mahanagar",
      "busNo": "226",
      "email": "mahanagar@gmail.com",
      "capacity": "32",
      "registrationNumber": "321432",
      "driverId": "32413",
      "apiUrl": "www.mahanagar.com",
      "apiUsername": "mahanagar",
      "apiPassword": "adsff",
      "busInfo": "dsafdfas",
      "createdDate": "2023-06-28",
      "id": 1
    },
    {
      "selectedFile": null,
      "selectedOption": "No",
      "busInfo": "Mayur yatayat",
      "createdDate": "2023-06-24",
      "busName": "Mayur",
      "busNo": "233",
      "email": "Mayur@gmail.com",
      "capacity": "2314",
      "registrationNumber": "23141324",
      "driverId": "32324",
      "apiUrl": "www.Mayur.com",
      "apiUsername": "Mayur",
      "apiPassword": "adsfjajsd",
      "id": 2
    },
    {
      "selectedFile": null,
      "selectedOption": "Yes",
      "busInfo": "sdafa",
      "createdDate": "2023-06-21",
      "busName": "afsf",
      "busNo": "3214",
      "email": "dsafd@gmail.com",
      "capacity": "321",
      "registrationNumber": "2341",
      "driverId": "32412",
      "apiUrl": "adsfaf",
      "apiUsername": "dsafdasf",
      "apiPassword": "sadfsa",
      "id": 3
    },
    {
      "selectedFile": null,
      "selectedOption": "Yes",
      "busInfo": "sdafa",
      "createdDate": "2023-06-21",
      "busName": "afsf",
      "busNo": "3214",
      "email": "dsafd@gmail.com",
      "capacity": "321",
      "registrationNumber": "2341",
      "driverId": "32412",
      "apiUrl": "adsfaf",
      "apiUsername": "dsafdasf",
      "apiPassword": "sadfsa",
      "id": 3
    },
    {
      "selectedFile": null,
      "selectedOption": "Yes",
      "busInfo": "sdafa",
      "createdDate": "2023-06-21",
      "busName": "afsf",
      "busNo": "3214",
      "email": "dsafd@gmail.com",
      "capacity": "321",
      "registrationNumber": "2341",
      "driverId": "32412",
      "apiUrl": "adsfaf",
      "apiUsername": "dsafdasf",
      "apiPassword": "sadfsa",
      "id": 3
    },
    {
      "selectedFile": null,
      "selectedOption": "Yes",
      "busName": "mahanagar",
      "busNo": "226",
      "email": "mahanagar@gmail.com",
      "capacity": "32",
      "registrationNumber": "321432",
      "driverId": "32413",
      "apiUrl": "www.mahanagar.com",
      "apiUsername": "mahanagar",
      "apiPassword": "adsff",
      "busInfo": "dsafdfas",
      "createdDate": "2023-06-28",
      "id": 1
    },
    {
      "selectedFile": null,
      "selectedOption": "No",
      "busInfo": "Mayur yatayat",
      "createdDate": "2023-06-24",
      "busName": "Mayur",
      "busNo": "233",
      "email": "Mayur@gmail.com",
      "capacity": "2314",
      "registrationNumber": "23141324",
      "driverId": "32324",
      "apiUrl": "www.Mayur.com",
      "apiUsername": "Mayur",
      "apiPassword": "adsfjajsd",
      "id": 2
    },
    {
      "selectedFile": null,
      "selectedOption": "Yes",
      "busName": "mahanagar",
      "busNo": "226",
      "email": "mahanagar@gmail.com",
      "capacity": "32",
      "registrationNumber": "321432",
      "driverId": "32413",
      "apiUrl": "www.mahanagar.com",
      "apiUsername": "mahanagar",
      "apiPassword": "adsff",
      "busInfo": "dsafdfas",
      "createdDate": "2023-06-28",
      "id": 1
    },
    {
      "selectedFile": null,
      "selectedOption": "No",
      "busInfo": "Mayur yatayat",
      "createdDate": "2023-06-24",
      "busName": "Mayur",
      "busNo": "233",
      "email": "Mayur@gmail.com",
      "capacity": "2314",
      "registrationNumber": "23141324",
      "driverId": "32324",
      "apiUrl": "www.Mayur.com",
      "apiUsername": "Mayur",
      "apiPassword": "adsfjajsd",
      "id": 2
    },
    {
      "selectedFile": null,
      "selectedOption": "",
      "busInfo": "",
      "createdDate": "",
      "busName": "",
      "busNo": "",
      "email": "",
      "capacity": "",
      "registrationNumber": "",
      "driverId": "",
      "apiUrl": "",
      "apiUsername": "",
      "apiPassword": "",
      "id": 4
    }
  ],
  "commuter": [
    {
      "name": "AdminGPON",
      "email": "aayusha@gmail.com",
      "address": "banepa"
    },
    {
      "name": "AdminGPON",
      "email": "aayusha@gmail.com",
      "address": "banepa"
    },
    {
      "name": "AdminGPON",
      "email": "aayusha@gmail.com",
      "address": "banepa"
    }
  ]
}